{
  "last_analysis": "2025-06-26T23:24:34.966206",
  "full_repo_cost": 7.659594,
  "worktree_cost": 9.750664500000001,
  "savings_potential": -2.0910705000000007,
  "commit_details": {
    "files_analyzed": 1,
    "total_tokens": 382379,
    "model_used": "claude-3-sonnet"
  }
}