{
  "last_analysis": "2025-06-27T00:37:39.763666",
  "full_repo_cost": 9.672966,
  "worktree_cost": 7.294221,
  "savings_potential": 2.3787450000000003,
  "commit_details": {
    "files_analyzed": 6,
    "total_tokens": 283292,
    "model_used": "claude-3-sonnet"
  }
}