{
  "last_analysis": "2025-06-26T23:21:03.191462",
  "full_repo_cost": 7.653744,
  "worktree_cost": 9.8262975,
  "savings_potential": -2.172553500000001,
  "commit_details": {
    "files_analyzed": 2,
    "total_tokens": 385345,
    "model_used": "claude-3-sonnet"
  }
}