{
  "last_analysis": "2025-06-26T23:40:23.934327",
  "full_repo_cost": 9.118422,
  "worktree_cost": 12.710913,
  "savings_potential": -3.592490999999999,
  "commit_details": {
    "files_analyzed": 29,
    "total_tokens": 487286,
    "model_used": "claude-3-sonnet"
  }
}