{
  "last_analysis": "2025-06-26T23:08:22.777557",
  "full_repo_cost": 7.653744,
  "worktree_cost": 9.834585,
  "savings_potential": -2.180841000000001,
  "commit_details": {
    "files_analyzed": 3,
    "total_tokens": 385670,
    "model_used": "claude-3-sonnet"
  }
}