{
  "file_path": "books/active_production/Large_Print_Crossword_Masters/volume_3/paperback/Large_Print_Crossword_Masters_-_Volume_3_Test_interior_FINAL.pdf",
  "timestamp": "2025-06-25T13:11:53.335200",
  "file_checks": {
    "file_exists": true,
    "file_size_bytes": 327271,
    "size_valid": true
  },
  "content_checks": {
    "page_count": 20,
    "not_encrypted": true,
    "total_characters": 4647,
    "total_words": 749,
    "duplicate_content_ratio": 0.5270935960591133
  },
  "layout_checks": {},
  "visual_checks": {
    "page_1_rendered_size": [
      1224,
      1584
    ],
    "page_1_black_ratio": 0.012259543969102792,
    "page_1_white_ratio": 0.9824996286393345,
    "page_2_rendered_size": [
      1224,
      1584
    ],
    "page_2_black_ratio": 0.0037161855482933915,
    "page_2_white_ratio": 0.985663930976431,
    "page_3_rendered_size": [
      1224,
      1584
    ],
    "page_3_black_ratio": 0.0035067793952597874,
    "page_3_white_ratio": 0.9919033059351687,
    "page_4_rendered_size": [
      1224,
      1584
    ],
    "page_4_black_ratio": 0.0090008541295306,
    "page_4_white_ratio": 0.9748619776193306,
    "page_5_rendered_size": [
      1224,
      1584
    ],
    "page_5_black_ratio": 0.04033750495147554,
    "page_5_white_ratio": 0.9357788464712484,
    "page_6_rendered_size": [
      1224,
      1584
    ],
    "page_6_black_ratio": 0.003959117316960454,
    "page_6_white_ratio": 0.9895864280055456,
    "page_7_rendered_size": [
      1224,
      1584
    ],
    "page_7_black_ratio": 0.040307589786756456,
    "page_7_white_ratio": 0.9358794233181488,
    "page_8_rendered_size": [
      1224,
      1584
    ],
    "page_8_black_ratio": 0.003982327358552849,
    "page_8_white_ratio": 0.9895461972667855,
    "page_9_rendered_size": [
      1224,
      1584
    ],
    "page_9_black_ratio": 0.04029417954050307,
    "page_9_white_ratio": 0.9359284222948439,
    "page_10_rendered_size": [
      1224,
      1584
    ],
    "page_10_black_ratio": 0.003982327358552849,
    "page_10_white_ratio": 0.9895260818974054,
    "page_11_rendered_size": [
      1224,
      1584
    ],
    "page_11_black_ratio": 0.040267359047996304,
    "page_11_white_ratio": 0.9360300306991484,
    "page_12_rendered_size": [
      1224,
      1584
    ],
    "page_12_black_ratio": 0.00397923268634053,
    "page_12_white_ratio": 0.9895379448075526,
    "page_13_rendered_size": [
      1224,
      1584
    ],
    "page_13_black_ratio": 0.04022093896481151,
    "page_13_white_ratio": 0.9361202919720076,
    "page_14_rendered_size": [
      1224,
      1584
    ],
    "page_14_black_ratio": 0.003982327358552849,
    "page_14_white_ratio": 0.9895296923483198,
    "page_15_rendered_size": [
      1224,
      1584
    ],
    "page_15_black_ratio": 0.0020079264870931537,
    "page_15_white_ratio": 0.996326624083977,
    "page_16_rendered_size": [
      1224,
      1584
    ],
    "page_16_black_ratio": 0.007129608998481547,
    "page_16_white_ratio": 0.9823871888822869,
    "page_17_rendered_size": [
      1224,
      1584
    ],
    "page_17_black_ratio": 0.007146629695649304,
    "page_17_white_ratio": 0.9823681050703109,
    "page_18_rendered_size": [
      1224,
      1584
    ],
    "page_18_black_ratio": 0.007146113916947251,
    "page_18_white_ratio": 0.9823448950287186,
    "page_19_rendered_size": [
      1224,
      1584
    ],
    "page_19_black_ratio": 0.00714456658084109,
    "page_19_white_ratio": 0.9823546948240576,
    "page_20_rendered_size": [
      1224,
      1584
    ],
    "page_20_black_ratio": 0.00714920858915957,
    "page_20_white_ratio": 0.9823330321185714,
    "no_edge_text_issues": true
  },
  "amazon_kdp_checks": {
    "size_under_kdp_limit": true
  },
  "overall_score": 0,
  "issues_found": [],
  "warnings": [
    {
      "type": "WARNING",
      "code": "MODERATE_DUPLICATION",
      "description": "Content is 52.7% duplicate"
    },
    {
      "type": "WARNING",
      "code": "MOSTLY_WHITE",
      "description": "Page 1: 98.2% white - may lack content"
    },
    {
      "type": "WARNING",
      "code": "MOSTLY_WHITE",
      "description": "Page 2: 98.6% white - may lack content"
    },
    {
      "type": "WARNING",
      "code": "MOSTLY_WHITE",
      "description": "Page 3: 99.2% white - may lack content"
    },
    {
      "type": "WARNING",
      "code": "MOSTLY_WHITE",
      "description": "Page 4: 97.5% white - may lack content"
    },
    {
      "type": "WARNING",
      "code": "MOSTLY_WHITE",
      "description": "Page 5: 93.6% white - may lack content"
    },
    {
      "type": "WARNING",
      "code": "MOSTLY_WHITE",
      "description": "Page 6: 99.0% white - may lack content"
    },
    {
      "type": "WARNING",
      "code": "MOSTLY_WHITE",
      "description": "Page 7: 93.6% white - may lack content"
    },
    {
      "type": "WARNING",
      "code": "MOSTLY_WHITE",
      "description": "Page 8: 99.0% white - may lack content"
    },
    {
      "type": "WARNING",
      "code": "MOSTLY_WHITE",
      "description": "Page 9: 93.6% white - may lack content"
    },
    {
      "type": "WARNING",
      "code": "MOSTLY_WHITE",
      "description": "Page 10: 99.0% white - may lack content"
    },
    {
      "type": "WARNING",
      "code": "MOSTLY_WHITE",
      "description": "Page 11: 93.6% white - may lack content"
    },
    {
      "type": "WARNING",
      "code": "MOSTLY_WHITE",
      "description": "Page 12: 99.0% white - may lack content"
    },
    {
      "type": "WARNING",
      "code": "MOSTLY_WHITE",
      "description": "Page 13: 93.6% white - may lack content"
    },
    {
      "type": "WARNING",
      "code": "MOSTLY_WHITE",
      "description": "Page 14: 99.0% white - may lack content"
    },
    {
      "type": "WARNING",
      "code": "MOSTLY_WHITE",
      "description": "Page 15: 99.6% white - may lack content"
    },
    {
      "type": "WARNING",
      "code": "MOSTLY_WHITE",
      "description": "Page 16: 98.2% white - may lack content"
    },
    {
      "type": "WARNING",
      "code": "MOSTLY_WHITE",
      "description": "Page 17: 98.2% white - may lack content"
    },
    {
      "type": "WARNING",
      "code": "MOSTLY_WHITE",
      "description": "Page 18: 98.2% white - may lack content"
    },
    {
      "type": "WARNING",
      "code": "MOSTLY_WHITE",
      "description": "Page 19: 98.2% white - may lack content"
    },
    {
      "type": "WARNING",
      "code": "MOSTLY_WHITE",
      "description": "Page 20: 98.2% white - may lack content"
    }
  ],
  "publish_ready": false
}