{
  "file_path": "books/active_production/Large_Print_Sudoku_Masters/volume_2/paperback/Large_Print_Sudoku_Masters:_Volume_2_Interior.pdf",
  "timestamp": "2025-06-30T11:13:11.561066",
  "overall_score": 100,
  "publish_ready": true,
  "issues_found": [],
  "warnings": [],
  "info": [],
  "checks": {
    "file_properties": {
      "file_size_mb": 1.9177379608154297
    },
    "pdf_structure": {
      "page_count": 106,
      "has_title": true
    },
    "sudoku_content": {
      "puzzles_found": 104,
      "solutions_found": 1,
      "pages_with_grids": 104,
      "grid_coverage": [
        0.03917029774872912,
        0.031976216412490925,
        0.059054598270284545,
        0.018955898857859643,
        0.03405170990955304,
        0.03381651482141678,
        0.03354418366673269,
        0.034109477124183,
        0.033896976298937086,
        0.033441027926322045,
        0.0340599623687859,
        0.03392585990625206,
        0.03384333531392355,
        0.033783504984485374,
        0.03415899187958012,
        0.033960932857991684,
        0.034134234501881563,
        0.03408884597610088,
        0.03435911401597676,
        0.03428277876807288,
        0.033960932857991684,
        0.03433023040866178,
        0.03410535089456658,
        0.034260084505182545,
        0.03421675909421008,
        0.03398569023569024,
        0.03441481811579851,
        0.03424976893114148,
        0.03430959926057965,
        0.034317851719812505,
        0.034035204991087344,
        0.03413629761668977,
        0.03417962302766225,
        0.03440450254175744,
        0.03409709843533373,
        0.0342848418828811,
        0.03441894434541493,
        0.03448909024889417,
        0.0342208853238265,
        0.03427246319403182,
        0.03418993860170331,
        0.03479236812570146,
        0.03425802139037433,
        0.03432610417904536,
        0.03419200171651152,
        0.034542731233907706,
        0.0339795008912656,
        0.03431372549019608,
        0.03436736647520961,
        0.0342848418828811,
        0.03416930745362118,
        0.03432404106423714,
        0.034334356638278204,
        0.03424151647190863,
        0.03455510992275698,
        0.03411566646860764,
        0.034338482867894635,
        0.034565425496798044,
        0.034470522215620254,
        0.03437974516405889,
        0.03413629761668977,
        0.034390060738099956,
        0.034542731233907706,
        0.03419406483131973,
        0.03419406483131973,
        0.03416724433881296,
        0.034538605004291276,
        0.0343818082788671,
        0.034107414009374795,
        0.03429928368653859,
        0.03435086155674391,
        0.034280715653264675,
        0.03413010827226513,
        0.03400632138377237,
        0.033672096784841885,
        0.034270400079223606,
        0.03426214761999076,
        0.03424564270152505,
        0.034239453357100415,
        0.03400632138377237,
        0.03420025417574437,
        0.03420850663497722,
        0.03413836073149799,
        0.03417549679804582,
        0.034260084505182545,
        0.03476554763319469,
        0.034233264012675776,
        0.03440862877137387,
        0.03459843533372945,
        0.034291031227305736,
        0.034311662375387866,
        0.03435911401597676,
        0.03432610417904536,
        0.034291031227305736,
        0.03417549679804582,
        0.034274526308840036,
        0.034511784511784514,
        0.03414867630553905,
        0.03455304680794877,
        0.03428277876807288,
        0.034317851719812505,
        0.03430340991615501,
        0.034454017297154554,
        0.03440862877137387,
        0.03809335181884201,
        0.00368059681785172
      ]
    }
  }
}
