{
  "file_path": "books/active_production/Large_Print_Sudoku_Masters/volume_3/paperback/Large_Print_Sudoku_Masters:_Volume_3_Interior.pdf",
  "timestamp": "2025-06-30T11:13:54.729970",
  "overall_score": 100,
  "publish_ready": true,
  "issues_found": [],
  "warnings": [],
  "info": [],
  "checks": {
    "file_properties": {
      "file_size_mb": 1.9250726699829102
    },
    "pdf_structure": {
      "page_count": 106,
      "has_title": true
    },
    "sudoku_content": {
      "puzzles_found": 103,
      "solutions_found": 1,
      "pages_with_grids": 104,
      "grid_coverage": [
        0.03800876411170529,
        0.03197827952729913,
        0.05906078761470918,
        0.018955898857859643,
        0.03365352875156797,
        0.03394855416914241,
        0.03373399022908827,
        0.03363908694791048,
        0.03398569023569024,
        0.03394236482471777,
        0.03387221892123853,
        0.03403107876147092,
        0.033977437776457384,
        0.03394442793952598,
        0.03371748531062257,
        0.033913481217402786,
        0.03405789925397769,
        0.034270400079223606,
        0.0340599623687859,
        0.03414248696111441,
        0.03417755991285403,
        0.034035204991087344,
        0.03419200171651152,
        0.03446845910081204,
        0.034134234501881563,
        0.034243579586716845,
        0.03428277876807288,
        0.03423120089786756,
        0.034542731233907706,
        0.034123918927840495,
        0.03409090909090909,
        0.03403726810589556,
        0.03449734270812702,
        0.03409090909090909,
        0.03425802139037433,
        0.03439418696771638,
        0.03425183204594969,
        0.034086782861292665,
        0.03431372549019608,
        0.03464588697431835,
        0.03400013203934773,
        0.03441069188618208,
        0.0341734336832376,
        0.03378969432891001,
        0.033987753350498445,
        0.03435086155674391,
        0.03428690499768931,
        0.03433641975308642,
        0.03403726810589556,
        0.03408265663167624,
        0.03431372549019608,
        0.034396250082524595,
        0.03427246319403182,
        0.0343818082788671,
        0.03418993860170331,
        0.03445195418234634,
        0.033940301709909554,
        0.03409090909090909,
        0.03437974516405889,
        0.034565425496798044,
        0.033940301709909554,
        0.034338482867894635,
        0.034449891067538124,
        0.0345571730375652,
        0.034522100085825576,
        0.03456748861160626,
        0.03394236482471777,
        0.034338482867894635,
        0.034338482867894635,
        0.03430547303096323,
        0.03415280253515548,
        0.034354987786360335,
        0.03458399353007196,
        0.03405789925397769,
        0.034018700072621644,
        0.03441688123060672,
        0.03417962302766225,
        0.03436736647520961,
        0.03427865253845646,
        0.03419612794612795,
        0.034066151713210535,
        0.034369429590017826,
        0.034243579586716845,
        0.03445814352677098,
        0.034390060738099956,
        0.03398362712088202,
        0.03427246319403182,
        0.0342208853238265,
        0.03415280253515548,
        0.03457574107083911,
        0.034332293523469996,
        0.034685086155674394,
        0.03421675909421008,
        0.03429928368653859,
        0.03416724433881296,
        0.0344932164785106,
        0.03441688123060672,
        0.03432404106423714,
        0.03448909024889417,
        0.03457161484122268,
        0.03421056974978544,
        0.03461287713738694,
        0.03453035254505843,
        0.034429259919456,
        0.03807684690037631,
        0.00368059681785172
      ]
    }
  }
}
