{
  "file_path": "books/active_production/Large_Print_Sudoku_Masters/volume_4/paperback/Large_Print_Sudoku_Masters:_Volume_4_Interior.pdf",
  "timestamp": "2025-06-30T11:23:03.063297",
  "overall_score": 100,
  "publish_ready": true,
  "issues_found": [],
  "warnings": [],
  "info": [],
  "checks": {
    "file_properties": {
      "file_size_mb": 1.8436470031738281
    },
    "pdf_structure": {
      "page_count": 106,
      "has_title": true
    },
    "sudoku_content": {
      "puzzles_found": 104,
      "solutions_found": 1,
      "pages_with_grids": 104,
      "grid_coverage": [
        0.03814699280385555,
        0.03195971149402522,
        0.05868530071961445,
        0.018955898857859643,
        0.03381032547699214,
        0.03355862547039017,
        0.03365971809599261,
        0.03364733940714333,
        0.03374843203274576,
        0.03398981646530666,
        0.033725737769855414,
        0.03384333531392355,
        0.03381651482141678,
        0.03400219515415594,
        0.03369685416254044,
        0.0341569287647719,
        0.0339960058097313,
        0.03364940252195154,
        0.03400425826896415,
        0.033876345150854956,
        0.03380207301775929,
        0.0338680926916221,
        0.03397537466164917,
        0.034012510728197005,
        0.033956806628375254,
        0.033903165643361724,
        0.03375255826236218,
        0.034233264012675776,
        0.03407853040205981,
        0.03398569023569024,
        0.033950617283950615,
        0.03425183204594969,
        0.03398156400607381,
        0.03432197794942893,
        0.03407853040205981,
        0.03421056974978544,
        0.03411772958341586,
        0.0336267082590612,
        0.03415486564996369,
        0.0342373902422922,
        0.03394855416914241,
        0.03408265663167624,
        0.03395886974318347,
        0.03371748531062257,
        0.034086782861292665,
        0.033971248432032745,
        0.03430959926057965,
        0.0339960058097313,
        0.034181686142470455,
        0.03384952465834819,
        0.033991879580114875,
        0.03447464844523668,
        0.0340434574503202,
        0.03365352875156797,
        0.033719548425430776,
        0.03375874760678682,
        0.03393617548029313,
        0.03395886974318347,
        0.03389078695451245,
        0.03413836073149799,
        0.03384333531392355,
        0.034018700072621644,
        0.03413010827226513,
        0.03401044761338879,
        0.03400219515415594,
        0.033971248432032745,
        0.03418787548689509,
        0.03416930745362118,
        0.03385777711758104,
        0.03415899187958012,
        0.03389491318412887,
        0.0344622697563874,
        0.034128045157456925,
        0.03374843203274576,
        0.033845398428731764,
        0.03406202548359411,
        0.0339795008912656,
        0.03343071235228098,
        0.03405170990955304,
        0.03395886974318347,
        0.03409916155014194,
        0.03372161154023899,
        0.034123918927840495,
        0.03394236482471777,
        0.03396712220241632,
        0.03415486564996369,
        0.03409090909090909,
        0.03406202548359411,
        0.03428277876807288,
        0.03413629761668977,
        0.03412598204264871,
        0.03430340991615501,
        0.03420850663497722,
        0.03411772958341586,
        0.03394649105433419,
        0.03434054598270284,
        0.03387428203604674,
        0.03428277876807288,
        0.03423120089786756,
        0.03394442793952598,
        0.034035204991087344,
        0.0343653033604014,
        0.03406408859840233,
        0.033960932857991684,
        0.03809541493365023,
        0.00368059681785172
      ]
    }
  }
}
