{
  "file_path": "active_production/Large_Print_Crossword_Masters/volume_1/FIXED_crossword_book.pdf",
  "timestamp": "2025-06-23T10:48:39.103781",
  "file_checks": {
    "file_exists": true,
    "file_size_bytes": 28808,
    "size_valid": true
  },
  "content_checks": {
    "page_count": 22,
    "not_encrypted": true,
    "total_characters": 5026,
    "total_words": 1025,
    "duplicate_content_ratio": 0.7800407331975561
  },
  "layout_checks": {},
  "visual_checks": {
    "page_1_rendered_size": [
      1224,
      1584
    ],
    "page_1_black_ratio": 0.011627715059087608,
    "page_1_white_ratio": 0.9810007757311678,
    "page_2_rendered_size": [
      1224,
      1584
    ],
    "page_2_black_ratio": 0.04623698174556018,
    "page_2_white_ratio": 0.9461862291212781,
    "page_3_rendered_size": [
      1224,
      1584
    ],
    "page_3_black_ratio": 0.046279791377830594,
    "page_3_white_ratio": 0.9461485772760283,
    "page_4_rendered_size": [
      1224,
      1584
    ],
    "page_4_black_ratio": 0.04622924506502938,
    "page_4_white_ratio": 0.9462553434673533,
    "page_5_rendered_size": [
      1224,
      1584
    ],
    "page_5_black_ratio": 0.04626947580378953,
    "page_5_white_ratio": 0.9461325881362646,
    "page_6_rendered_size": [
      1224,
      1584
    ],
    "page_6_black_ratio": 0.04627669670561827,
    "page_6_white_ratio": 0.9461449668251138,
    "page_7_rendered_size": [
      1224,
      1584
    ],
    "page_7_black_ratio": 0.04624574998349508,
    "page_7_white_ratio": 0.9462383227701855,
    "page_8_rendered_size": [
      1224,
      1584
    ],
    "page_8_black_ratio": 0.04625348666402588,
    "page_8_white_ratio": 0.9461686926454084,
    "page_9_rendered_size": [
      1224,
      1584
    ],
    "page_9_black_ratio": 0.046294233181488086,
    "page_9_white_ratio": 0.9461217567835215,
    "page_10_rendered_size": [
      1224,
      1584
    ],
    "page_10_black_ratio": 0.04624471842609097,
    "page_10_white_ratio": 0.9462388385488876,
    "page_11_rendered_size": [
      1224,
      1584
    ],
    "page_11_black_ratio": 0.046347874166501615,
    "page_11_white_ratio": 0.9460129274773883,
    "page_12_rendered_size": [
      1224,
      1584
    ],
    "page_12_black_ratio": 0.004678628606324685,
    "page_12_white_ratio": 0.9932814666270549,
    "page_13_rendered_size": [
      1224,
      1584
    ],
    "page_13_black_ratio": 0.0031338713936753153,
    "page_13_white_ratio": 0.9932190574041064,
    "page_14_rendered_size": [
      1224,
      1584
    ],
    "page_14_black_ratio": 0.003096735327127484,
    "page_14_white_ratio": 0.9934325897867564,
    "page_15_rendered_size": [
      1224,
      1584
    ],
    "page_15_black_ratio": 0.002989453357100416,
    "page_15_white_ratio": 0.993689963359081,
    "page_16_rendered_size": [
      1224,
      1584
    ],
    "page_16_black_ratio": 0.0031591445500759228,
    "page_16_white_ratio": 0.9931819213375586,
    "page_17_rendered_size": [
      1224,
      1584
    ],
    "page_17_black_ratio": 0.003090030204000792,
    "page_17_white_ratio": 0.9934248531062256,
    "page_18_rendered_size": [
      1224,
      1584
    ],
    "page_18_black_ratio": 0.002996674258929161,
    "page_18_white_ratio": 0.9936755215554235,
    "page_19_rendered_size": [
      1224,
      1584
    ],
    "page_19_black_ratio": 0.003138513401993794,
    "page_19_white_ratio": 0.9932056471578531,
    "page_20_rendered_size": [
      1224,
      1584
    ],
    "page_20_black_ratio": 0.003104472007658282,
    "page_20_white_ratio": 0.9934093797451641,
    "page_21_rendered_size": [
      1224,
      1584
    ],
    "page_21_black_ratio": 0.0030028636033537994,
    "page_21_white_ratio": 0.993670363768403,
    "page_22_rendered_size": [
      1224,
      1584
    ],
    "page_22_black_ratio": 0.003224132666534627,
    "page_22_white_ratio": 0.9930787655971479,
    "no_edge_text_issues": true
  },
  "amazon_kdp_checks": {
    "size_under_kdp_limit": true
  },
  "overall_score": 0,
  "issues_found": [
    {
      "type": "CRITICAL",
      "code": "HIGH_DUPLICATION",
      "description": "Content is 78.0% duplicate"
    }
  ],
  "warnings": [
    {
      "type": "WARNING",
      "code": "MOSTLY_WHITE",
      "description": "Page 1: 98.1% white - may lack content"
    },
    {
      "type": "WARNING",
      "code": "MOSTLY_WHITE",
      "description": "Page 2: 94.6% white - may lack content"
    },
    {
      "type": "WARNING",
      "code": "MOSTLY_WHITE",
      "description": "Page 3: 94.6% white - may lack content"
    },
    {
      "type": "WARNING",
      "code": "MOSTLY_WHITE",
      "description": "Page 4: 94.6% white - may lack content"
    },
    {
      "type": "WARNING",
      "code": "MOSTLY_WHITE",
      "description": "Page 5: 94.6% white - may lack content"
    },
    {
      "type": "WARNING",
      "code": "MOSTLY_WHITE",
      "description": "Page 6: 94.6% white - may lack content"
    },
    {
      "type": "WARNING",
      "code": "MOSTLY_WHITE",
      "description": "Page 7: 94.6% white - may lack content"
    },
    {
      "type": "WARNING",
      "code": "MOSTLY_WHITE",
      "description": "Page 8: 94.6% white - may lack content"
    },
    {
      "type": "WARNING",
      "code": "MOSTLY_WHITE",
      "description": "Page 9: 94.6% white - may lack content"
    },
    {
      "type": "WARNING",
      "code": "MOSTLY_WHITE",
      "description": "Page 10: 94.6% white - may lack content"
    },
    {
      "type": "WARNING",
      "code": "MOSTLY_WHITE",
      "description": "Page 11: 94.6% white - may lack content"
    },
    {
      "type": "WARNING",
      "code": "MOSTLY_WHITE",
      "description": "Page 12: 99.3% white - may lack content"
    },
    {
      "type": "WARNING",
      "code": "MOSTLY_WHITE",
      "description": "Page 13: 99.3% white - may lack content"
    },
    {
      "type": "WARNING",
      "code": "MOSTLY_WHITE",
      "description": "Page 14: 99.3% white - may lack content"
    },
    {
      "type": "WARNING",
      "code": "MOSTLY_WHITE",
      "description": "Page 15: 99.4% white - may lack content"
    },
    {
      "type": "WARNING",
      "code": "MOSTLY_WHITE",
      "description": "Page 16: 99.3% white - may lack content"
    },
    {
      "type": "WARNING",
      "code": "MOSTLY_WHITE",
      "description": "Page 17: 99.3% white - may lack content"
    },
    {
      "type": "WARNING",
      "code": "MOSTLY_WHITE",
      "description": "Page 18: 99.4% white - may lack content"
    },
    {
      "type": "WARNING",
      "code": "MOSTLY_WHITE",
      "description": "Page 19: 99.3% white - may lack content"
    },
    {
      "type": "WARNING",
      "code": "MOSTLY_WHITE",
      "description": "Page 20: 99.3% white - may lack content"
    },
    {
      "type": "WARNING",
      "code": "MOSTLY_WHITE",
      "description": "Page 21: 99.4% white - may lack content"
    },
    {
      "type": "WARNING",
      "code": "MOSTLY_WHITE",
      "description": "Page 22: 99.3% white - may lack content"
    }
  ],
  "publish_ready": false
}